{
    "per_participant": {
        "0012": {
            "diff_location": {
                "srts": [
                    333268,
                    249939,
                    376591,
                    346632,
                    356652,
                    359900,
                    316657,
                    276666,
                    353315,
                    313310
                ],
                "stats": {
                    "inv_mean": 3.0918792388024077e-06,
                    "inv_mean_ci68": [
                        2.9658880206657603e-06,
                        3.217870456939055e-06
                    ],
                    "inv_mean_ci95": [
                        2.843564801272755e-06,
                        3.3401936763320604e-06
                    ],
                    "inv_std": 4.0063960597805075e-07,
                    "mean": 323427.89700523193,
                    "mean_ci68": [
                        310764.5299529034,
                        337167.1462415926
                    ],
                    "mean_ci95": [
                        299383.83725644374,
                        351671.2541779982
                    ],
                    "n": 10
                }
            },
            "same_location": {
                "srts": [
                    259904
                ],
                "stats": {
                    "inv_mean": 3.847574489042108e-06,
                    "inv_mean_ci68": null,
                    "inv_mean_ci95": null,
                    "inv_std": null,
                    "mean": 259904.0,
                    "mean_ci68": null,
                    "mean_ci95": null,
                    "n": 1
                }
            }
        },
        "0016": {
            "diff_location": {
                "srts": [
                    486567,
                    609938,
                    213316,
                    436616,
                    459916,
                    443212,
                    529980,
                    389927,
                    429888,
                    416658
                ],
                "stats": {
                    "inv_mean": 2.428119944890685e-06,
                    "inv_mean_ci68": [
                        2.1784500219529416e-06,
                        2.6777898678284285e-06
                    ],
                    "inv_mean_ci95": [
                        1.9360487720005464e-06,
                        2.9201911177808232e-06
                    ],
                    "inv_std": 7.939256483881262e-07,
                    "mean": 411841.2692520511,
                    "mean_ci68": [
                        373442.29732669675,
                        459041.97476310143
                    ],
                    "mean_ci95": [
                        342443.34006465384,
                        516515.9134739596
                    ],
                    "n": 10
                }
            },
            "same_location": {
                "srts": [
                    499869
                ],
                "stats": {
                    "inv_mean": 2.000524137323979e-06,
                    "inv_mean_ci68": null,
                    "inv_mean_ci95": null,
                    "inv_std": null,
                    "mean": 499868.99999999994,
                    "mean_ci68": null,
                    "mean_ci95": null,
                    "n": 1
                }
            }
        },
        "0024": {
            "diff_location": {
                "srts": [
                    293271,
                    269981,
                    253312,
                    226636,
                    239971,
                    269882,
                    299982
                ],
                "stats": {
                    "inv_mean": 3.811409855942379e-06,
                    "inv_mean_ci68": [
                        3.675239830454014e-06,
                        3.9475798814307445e-06
                    ],
                    "inv_mean_ci95": [
                        3.5430341406534855e-06,
                        4.079785571231273e-06
                    ],
                    "inv_std": 3.622798205397212e-07,
                    "mean": 262370.1039238531,
                    "mean_ci68": [
                        253319.76300314008,
                        272091.08687649015
                    ],
                    "mean_ci95": [
                        245110.92128261083,
                        282243.96387429605
                    ],
                    "n": 7
                }
            },
            "same_location": {
                "srts": [
                    266615,
                    216679,
                    286671,
                    236708
                ],
                "stats": {
                    "inv_mean": 4.019695566768334e-06,
                    "inv_mean_ci68": [
                        3.8042127647669787e-06,
                        4.23517836876969e-06
                    ],
                    "inv_mean_ci95": [
                        3.595003341646366e-06,
                        4.444387791890302e-06
                    ],
                    "inv_std": 4.3336737661700567e-07,
                    "mean": 248775.0585559786,
                    "mean_ci68": [
                        236117.56410875742,
                        262866.475098759
                    ],
                    "mean_ci95": [
                        225002.86807211227,
                        278163.8582683599
                    ],
                    "n": 4
                }
            }
        },
        "0028": {
            "diff_location": {
                "srts": [
                    343308,
                    469965,
                    293260,
                    469891,
                    409956,
                    396620,
                    406591,
                    290015,
                    306695,
                    539945
                ],
                "stats": {
                    "inv_mean": 2.6559522362290077e-06,
                    "inv_mean_ci68": [
                        2.4855833927540405e-06,
                        2.8263210797039753e-06
                    ],
                    "inv_mean_ci95": [
                        2.320174519609261e-06,
                        2.9917299528487544e-06
                    ],
                    "inv_std": 5.417560630830433e-07,
                    "mean": 376512.79505682184,
                    "mean_ci68": [
                        353816.842389591,
                        402320.03597835207
                    ],
                    "mean_ci95": [
                        334254.76756275754,
                        431002.0610727202
                    ],
                    "n": 10
                }
            },
            "same_location": {
                "srts": [
                    679967
                ],
                "stats": {
                    "inv_mean": 1.4706596055396805e-06,
                    "inv_mean_ci68": null,
                    "inv_mean_ci95": null,
                    "inv_std": null,
                    "mean": 679967.0,
                    "mean_ci68": null,
                    "mean_ci95": null,
                    "n": 1
                }
            }
        },
        "0031": {
            "diff_location": {
                "srts": [
                    276686,
                    333254,
                    306596,
                    326628,
                    329906,
                    243323,
                    293272,
                    306600,
                    286676,
                    296621,
                    250038,
                    299881,
                    226653,
                    223290,
                    320017,
                    246694,
                    353294,
                    449942,
                    273244
                ],